,City,Group,compound,pos,neg,neu
3,Ojai,1.0,-0.22975372589890478,0.058895779051589214,0.15179989577905192,0.7893069306930782
4,San Fernando,1.0,-0.2241934715025885,0.06141709844559586,0.15442953367875667,0.7842020725388613
0,Beverly Hills,2.0,-0.22343388601036038,0.061604145077720135,0.1539015544041444,0.7845430051813495
1,La Crescenta,2.0,-0.23125759625390094,0.059136836628511824,0.15227523413111374,0.7885920915712809
2,Long Beach,3.0,-0.22861824324324054,0.05979781704781701,0.1518461538461538,0.7883581081081096
5,Santa Barbara,3.0,-0.2331155324675298,0.05874597402597399,0.15225350649350683,0.7890020779220782
